model,recall_test,precision_test,recall_train,precision_train
baseline_xgboost,0.8315789473684211,0.7523809523809524,0.8530927835051546,0.7899761336515513
RandomForestClassifier,0.8736842105263158,0.988095238095238,0.8634020618556701,0.9882005899705014
GradientBoostingClassifier,0.8736842105263158,0.988095238095238,0.8685567010309279,1.0
XGBClassifier,0.8736842105263158,0.9764705882352941,0.8634020618556701,0.9911242603550295
